-- ===========================================================================
-- Semilla de Datos: Catálogo, Saldos e Historial de Movimientos
-- ===========================================================================

-- 1. Catálogo de Fondos Mutuos
INSERT INTO fund (id, name, currency) VALUES 
('FND-001', 'Coril Efectivo Soles FM', 'PEN'),
('FND-002', 'Coril Acciones Dólares FM', 'USD'),
('FND-003', 'Coril Crecimiento Mixto FM', 'PEN');

-- 2. Saldos Consolidados (Balance) para el cliente INV-0001
-- FND-001: 25 Aportes (250 cuotas) - 2 Rescates (10 cuotas) = 240.0000 cuotas.
-- FND-002: 20 Aportes (200 cuotas) - 7 Rescates (35 cuotas) = 165.0000 cuotas.
-- FND-003: 18 Aportes (180 cuotas) - 12 Rescates (24 cuotas) = 156.0000 cuotas.
INSERT INTO balance (client_id, fund_id, total_shares, invested_amount, last_updated) VALUES 
('INV-0001', 'FND-001', 240.0000, 2400.0000, CURRENT_TIMESTAMP),
('INV-0001', 'FND-002', 165.0000, 8250.0000, CURRENT_TIMESTAMP),
('INV-0001', 'FND-003', 156.0000, 3120.0000, CURRENT_TIMESTAMP);

-- 3. Historial de Movimientos (Movement)

-- FONDO 1: Coril Efectivo Soles FM (PEN) - 30 movimientos
INSERT INTO movement (client_id, fund_id, type, amount, shares, share_value, status, transaction_date) VALUES 
('INV-0001', 'FND-001', 'SUBSCRIPTION', 100.0000, 10.0000, 10.0000, 'EXECUTED', '2023-01-15 10:00:00'),
('INV-0001', 'FND-001', 'SUBSCRIPTION', 100.0000, 10.0000, 10.0000, 'EXECUTED', '2023-02-15 10:30:00'),
('INV-0001', 'FND-001', 'SUBSCRIPTION', 100.0000, 10.0000, 10.0000, 'EXECUTED', '2023-03-15 09:15:00'),
('INV-0001', 'FND-001', 'SUBSCRIPTION', 100.0000, 10.0000, 10.0000, 'EXECUTED', '2023-04-15 11:20:00'),
('INV-0001', 'FND-001', 'SUBSCRIPTION', 100.0000, 10.0000, 10.0000, 'EXECUTED', '2023-05-15 14:00:00'),
('INV-0001', 'FND-001', 'SUBSCRIPTION', 100.0000, 10.0000, 10.0000, 'EXECUTED', '2023-06-15 15:45:00'),
('INV-0001', 'FND-001', 'SUBSCRIPTION', 100.0000, 10.0000, 10.0000, 'EXECUTED', '2023-07-15 10:10:00'),
('INV-0001', 'FND-001', 'SUBSCRIPTION', 100.0000, 10.0000, 10.0000, 'EXECUTED', '2023-08-15 09:30:00'),
('INV-0001', 'FND-001', 'SUBSCRIPTION', 100.0000, 10.0000, 10.0000, 'EXECUTED', '2023-09-15 12:00:00'),
('INV-0001', 'FND-001', 'SUBSCRIPTION', 100.0000, 10.0000, 10.0000, 'EXECUTED', '2023-10-15 13:15:00'),
('INV-0001', 'FND-001', 'SUBSCRIPTION', 100.0000, 10.0000, 10.0000, 'EXECUTED', '2023-11-15 10:45:00'),
('INV-0001', 'FND-001', 'SUBSCRIPTION', 100.0000, 10.0000, 10.0000, 'EXECUTED', '2023-12-15 11:00:00'),
('INV-0001', 'FND-001', 'SUBSCRIPTION', 100.0000, 10.0000, 10.0000, 'EXECUTED', '2024-01-15 09:20:00'),
('INV-0001', 'FND-001', 'SUBSCRIPTION', 100.0000, 10.0000, 10.0000, 'EXECUTED', '2024-02-15 10:10:00'),
('INV-0001', 'FND-001', 'SUBSCRIPTION', 100.0000, 10.0000, 10.0000, 'EXECUTED', '2024-03-15 14:30:00'),
('INV-0001', 'FND-001', 'SUBSCRIPTION', 100.0000, 10.0000, 10.0000, 'EXECUTED', '2024-04-15 15:00:00'),
('INV-0001', 'FND-001', 'SUBSCRIPTION', 100.0000, 10.0000, 10.0000, 'EXECUTED', '2024-05-15 11:45:00'),
('INV-0001', 'FND-001', 'SUBSCRIPTION', 100.0000, 10.0000, 10.0000, 'EXECUTED', '2024-06-15 09:50:00'),
('INV-0001', 'FND-001', 'SUBSCRIPTION', 100.0000, 10.0000, 10.0000, 'EXECUTED', '2024-07-15 10:25:00'),
('INV-0001', 'FND-001', 'SUBSCRIPTION', 100.0000, 10.0000, 10.0000, 'EXECUTED', '2024-08-15 13:40:00'),
('INV-0001', 'FND-001', 'SUBSCRIPTION', 100.0000, 10.0000, 10.0000, 'EXECUTED', '2024-09-15 14:15:00'),
('INV-0001', 'FND-001', 'SUBSCRIPTION', 100.0000, 10.0000, 10.0000, 'EXECUTED', '2024-10-15 11:10:00'),
('INV-0001', 'FND-001', 'SUBSCRIPTION', 100.0000, 10.0000, 10.0000, 'EXECUTED', '2024-11-15 09:05:00'),
('INV-0001', 'FND-001', 'SUBSCRIPTION', 100.0000, 10.0000, 10.0000, 'EXECUTED', '2024-12-15 10:00:00'),
('INV-0001', 'FND-001', 'SUBSCRIPTION', 100.0000, 10.0000, 10.0000, 'EXECUTED', '2025-01-15 09:30:00'),
('INV-0001', 'FND-001', 'REDEMPTION', 50.0000, 5.0000, 10.0000, 'EXECUTED', '2025-02-10 11:00:00'),
('INV-0001', 'FND-001', 'REDEMPTION', 50.0000, 5.0000, 10.0000, 'EXECUTED', '2025-03-20 14:00:00'),
('INV-0001', 'FND-001', 'SUBSCRIPTION', 150.0000, 0.0000, 0.0000, 'PENDING', CURRENT_TIMESTAMP),
('INV-0001', 'FND-001', 'SUBSCRIPTION', 150.0000, 0.0000, 0.0000, 'PENDING', CURRENT_TIMESTAMP),
('INV-0001', 'FND-001', 'REDEMPTION', 200.0000, 0.0000, 0.0000, 'PENDING', CURRENT_TIMESTAMP);

-- FONDO 2: Coril Acciones Dólares FM (USD) - 30 movimientos
INSERT INTO movement (client_id, fund_id, type, amount, shares, share_value, status, transaction_date) VALUES 
('INV-0001', 'FND-002', 'SUBSCRIPTION', 500.0000, 10.0000, 50.0000, 'EXECUTED', '2023-01-20 10:00:00'),
('INV-0001', 'FND-002', 'SUBSCRIPTION', 500.0000, 10.0000, 50.0000, 'EXECUTED', '2023-02-22 11:00:00'),
('INV-0001', 'FND-002', 'SUBSCRIPTION', 500.0000, 10.0000, 50.0000, 'EXECUTED', '2023-03-25 09:30:00'),
('INV-0001', 'FND-002', 'SUBSCRIPTION', 500.0000, 10.0000, 50.0000, 'EXECUTED', '2023-04-18 14:20:00'),
('INV-0001', 'FND-002', 'SUBSCRIPTION', 500.0000, 10.0000, 50.0000, 'EXECUTED', '2023-05-20 15:10:00'),
('INV-0001', 'FND-002', 'SUBSCRIPTION', 500.0000, 10.0000, 50.0000, 'EXECUTED', '2023-06-21 10:45:00'),
('INV-0001', 'FND-002', 'SUBSCRIPTION', 500.0000, 10.0000, 50.0000, 'EXECUTED', '2023-07-25 11:30:00'),
('INV-0001', 'FND-002', 'SUBSCRIPTION', 500.0000, 10.0000, 50.0000, 'EXECUTED', '2023-08-28 09:15:00'),
('INV-0001', 'FND-002', 'SUBSCRIPTION', 500.0000, 10.0000, 50.0000, 'EXECUTED', '2023-09-20 13:40:00'),
('INV-0001', 'FND-002', 'SUBSCRIPTION', 500.0000, 10.0000, 50.0000, 'EXECUTED', '2023-10-22 14:00:00'),
('INV-0001', 'FND-002', 'SUBSCRIPTION', 500.0000, 10.0000, 50.0000, 'EXECUTED', '2023-11-20 10:10:00'),
('INV-0001', 'FND-002', 'SUBSCRIPTION', 500.0000, 10.0000, 50.0000, 'EXECUTED', '2023-12-26 11:20:00'),
('INV-0001', 'FND-002', 'SUBSCRIPTION', 500.0000, 10.0000, 50.0000, 'EXECUTED', '2024-01-20 09:50:00'),
('INV-0001', 'FND-002', 'SUBSCRIPTION', 500.0000, 10.0000, 50.0000, 'EXECUTED', '2024-02-21 14:15:00'),
('INV-0001', 'FND-002', 'SUBSCRIPTION', 500.0000, 10.0000, 50.0000, 'EXECUTED', '2024-03-25 15:30:00'),
('INV-0001', 'FND-002', 'SUBSCRIPTION', 500.0000, 10.0000, 50.0000, 'EXECUTED', '2024-04-20 10:05:00'),
('INV-0001', 'FND-002', 'SUBSCRIPTION', 500.0000, 10.0000, 50.0000, 'EXECUTED', '2024-05-22 11:45:00'),
('INV-0001', 'FND-002', 'SUBSCRIPTION', 500.0000, 10.0000, 50.0000, 'EXECUTED', '2024-06-25 09:20:00'),
('INV-0001', 'FND-002', 'SUBSCRIPTION', 500.0000, 10.0000, 50.0000, 'EXECUTED', '2024-07-20 13:10:00'),
('INV-0001', 'FND-002', 'SUBSCRIPTION', 500.0000, 10.0000, 50.0000, 'EXECUTED', '2024-08-22 14:50:00'),
('INV-0001', 'FND-002', 'REDEMPTION', 250.0000, 5.0000, 50.0000, 'EXECUTED', '2024-09-10 10:00:00'),
('INV-0001', 'FND-002', 'REDEMPTION', 250.0000, 5.0000, 50.0000, 'EXECUTED', '2024-10-12 11:30:00'),
('INV-0001', 'FND-002', 'REDEMPTION', 250.0000, 5.0000, 50.0000, 'EXECUTED', '2024-11-05 09:15:00'),
('INV-0001', 'FND-002', 'REDEMPTION', 250.0000, 5.0000, 50.0000, 'EXECUTED', '2024-12-08 14:20:00'),
('INV-0001', 'FND-002', 'REDEMPTION', 250.0000, 5.0000, 50.0000, 'EXECUTED', '2025-01-15 10:45:00'),
('INV-0001', 'FND-002', 'REDEMPTION', 250.0000, 5.0000, 50.0000, 'EXECUTED', '2025-02-18 15:10:00'),
('INV-0001', 'FND-002', 'REDEMPTION', 250.0000, 5.0000, 50.0000, 'EXECUTED', '2025-03-22 11:00:00'),
('INV-0001', 'FND-002', 'SUBSCRIPTION', 1000.0000, 0.0000, 0.0000, 'REJECTED', '2025-04-01 09:00:00'),
('INV-0001', 'FND-002', 'REDEMPTION', 5000.0000, 0.0000, 0.0000, 'REJECTED', '2025-04-10 14:30:00'),
('INV-0001', 'FND-002', 'SUBSCRIPTION', 2000.0000, 0.0000, 0.0000, 'REJECTED', '2025-04-15 10:15:00');

-- FONDO 3: Coril Crecimiento Mixto FM (PEN) - 33 movimientos
INSERT INTO movement (client_id, fund_id, type, amount, shares, share_value, status, transaction_date) VALUES 
('INV-0001', 'FND-003', 'SUBSCRIPTION', 200.0000, 10.0000, 20.0000, 'EXECUTED', '2024-01-05 10:00:00'),
('INV-0001', 'FND-003', 'SUBSCRIPTION', 200.0000, 10.0000, 20.0000, 'EXECUTED', '2024-01-20 11:30:00'),
('INV-0001', 'FND-003', 'SUBSCRIPTION', 200.0000, 10.0000, 20.0000, 'EXECUTED', '2024-02-10 09:15:00'),
('INV-0001', 'FND-003', 'SUBSCRIPTION', 200.0000, 10.0000, 20.0000, 'EXECUTED', '2024-02-25 14:20:00'),
('INV-0001', 'FND-003', 'SUBSCRIPTION', 200.0000, 10.0000, 20.0000, 'EXECUTED', '2024-03-05 10:45:00'),
('INV-0001', 'FND-003', 'SUBSCRIPTION', 200.0000, 10.0000, 20.0000, 'EXECUTED', '2024-03-22 15:10:00'),
('INV-0001', 'FND-003', 'SUBSCRIPTION', 200.0000, 10.0000, 20.0000, 'EXECUTED', '2024-04-10 11:00:00'),
('INV-0001', 'FND-003', 'SUBSCRIPTION', 200.0000, 10.0000, 20.0000, 'EXECUTED', '2024-04-28 09:30:00'),
('INV-0001', 'FND-003', 'SUBSCRIPTION', 200.0000, 10.0000, 20.0000, 'EXECUTED', '2024-05-15 13:40:00'),
('INV-0001', 'FND-003', 'SUBSCRIPTION', 200.0000, 10.0000, 20.0000, 'EXECUTED', '2024-05-30 14:00:00'),
('INV-0001', 'FND-003', 'SUBSCRIPTION', 200.0000, 10.0000, 20.0000, 'EXECUTED', '2024-06-12 10:10:00'),
('INV-0001', 'FND-003', 'SUBSCRIPTION', 200.0000, 10.0000, 20.0000, 'EXECUTED', '2024-06-25 11:20:00'),
('INV-0001', 'FND-003', 'SUBSCRIPTION', 200.0000, 10.0000, 20.0000, 'EXECUTED', '2024-07-10 09:50:00'),
('INV-0001', 'FND-003', 'SUBSCRIPTION', 200.0000, 10.0000, 20.0000, 'EXECUTED', '2024-07-28 14:15:00'),
('INV-0001', 'FND-003', 'SUBSCRIPTION', 200.0000, 10.0000, 20.0000, 'EXECUTED', '2024-08-15 15:30:00'),
('INV-0001', 'FND-003', 'SUBSCRIPTION', 200.0000, 10.0000, 20.0000, 'EXECUTED', '2024-08-30 10:05:00'),
('INV-0001', 'FND-003', 'SUBSCRIPTION', 200.0000, 10.0000, 20.0000, 'EXECUTED', '2024-09-12 11:45:00'),
('INV-0001', 'FND-003', 'SUBSCRIPTION', 200.0000, 10.0000, 20.0000, 'EXECUTED', '2024-09-25 09:20:00'),
('INV-0001', 'FND-003', 'REDEMPTION', 40.0000, 2.0000, 20.0000, 'EXECUTED', '2024-10-05 10:00:00'),
('INV-0001', 'FND-003', 'REDEMPTION', 40.0000, 2.0000, 20.0000, 'EXECUTED', '2024-10-20 11:30:00'),
('INV-0001', 'FND-003', 'REDEMPTION', 40.0000, 2.0000, 20.0000, 'EXECUTED', '2024-11-10 09:15:00'),
('INV-0001', 'FND-003', 'REDEMPTION', 40.0000, 2.0000, 20.0000, 'EXECUTED', '2024-11-25 14:20:00'),
('INV-0001', 'FND-003', 'REDEMPTION', 40.0000, 2.0000, 20.0000, 'EXECUTED', '2024-12-05 10:45:00'),
('INV-0001', 'FND-003', 'REDEMPTION', 40.0000, 2.0000, 20.0000, 'EXECUTED', '2024-12-22 15:10:00'),
('INV-0001', 'FND-003', 'REDEMPTION', 40.0000, 2.0000, 20.0000, 'EXECUTED', '2025-01-10 11:00:00'),
('INV-0001', 'FND-003', 'REDEMPTION', 40.0000, 2.0000, 20.0000, 'EXECUTED', '2025-01-28 09:30:00'),
('INV-0001', 'FND-003', 'REDEMPTION', 40.0000, 2.0000, 20.0000, 'EXECUTED', '2025-02-15 13:40:00'),
('INV-0001', 'FND-003', 'REDEMPTION', 40.0000, 2.0000, 20.0000, 'EXECUTED', '2025-02-28 14:00:00'),
('INV-0001', 'FND-003', 'REDEMPTION', 40.0000, 2.0000, 20.0000, 'EXECUTED', '2025-03-12 10:10:00'),
('INV-0001', 'FND-003', 'REDEMPTION', 40.0000, 2.0000, 20.0000, 'EXECUTED', '2025-03-25 11:20:00'),
('INV-0001', 'FND-003', 'REDEMPTION', 500.0000, 0.0000, 0.0000, 'REJECTED', '2025-04-05 09:00:00'),
('INV-0001', 'FND-003', 'SUBSCRIPTION', 300.0000, 0.0000, 0.0000, 'PENDING', CURRENT_TIMESTAMP),
('INV-0001', 'FND-003', 'REDEMPTION', 100.0000, 0.0000, 0.0000, 'PENDING', CURRENT_TIMESTAMP);